member_id,predicted_risk,risk_probability
TSTU00001,0,0.3154618
TSTU00002,0,0.43093765
TSTU00003,0,0.3237557
TSTU00004,0,0.3154618
TSTU00005,0,0.32054856
TSTU00006,1,0.6339311
TSTU00007,1,0.6077529
TSTU00008,1,0.7157734
TSTU00009,1,0.6371148
TSTU00010,1,0.60674566
TSTU00011,0,0.39737788
TSTU00012,0,0.33018258
TSTU00013,0,0.36788997
TSTU00014,0,0.35230646
TSTU00015,0,0.33018258
TSTU00016,0,0.40067238
TSTU00017,1,0.5768781
TSTU00018,1,0.6428455
TSTU00019,0,0.44194862
TSTU00020,1,0.58160996
TSTU00021,0,0.33399788
TSTU00022,0,0.3924851
TSTU00023,0,0.35719883
TSTU00024,0,0.39717764
TSTU00025,0,0.3711017
TSTU00026,1,0.880842
TSTU00027,1,0.8321192
TSTU00028,1,0.6729928
TSTU00029,1,0.56729454
TSTU00030,1,0.7251084
TSTU00031,0,0.4658078
TSTU00032,0,0.47324347
TSTU00033,0,0.4017084
TSTU00034,0,0.40830594
TSTU00035,0,0.41311625
TSTU00036,1,0.8127336
TSTU00037,1,0.7753965
TSTU00038,1,0.7416867
TSTU00039,1,0.81561846
TSTU00040,1,0.8534019
TSTU00041,0,0.45015636
TSTU00042,1,0.5034316
TSTU00043,0,0.3694258
TSTU00044,0,0.42096865
TSTU00045,0,0.44649267
TSTU00046,0,0.32054856
TSTU00047,0,0.4100359
TSTU00048,0,0.32054856
TSTU00049,0,0.3154618
TSTU00050,0,0.32054856
TSTU00051,1,0.69670796
TSTU00052,1,0.7960248
TSTU00053,1,0.6975114
TSTU00054,1,0.82184863
TSTU00055,1,0.6547449
TSTU00056,1,0.64356977
TSTU00057,1,0.6486006
TSTU00058,1,0.5744923
TSTU00059,1,0.59490967
TSTU00060,1,0.662649
TSTU00061,0,0.41199568
TSTU00062,0,0.41199568
TSTU00063,0,0.4586343
TSTU00064,0,0.3811452
TSTU00065,0,0.41766644
TSTU00066,0,0.49605832
TSTU00067,1,0.5053724
TSTU00068,0,0.49242386
TSTU00069,1,0.6429573
TSTU00070,0,0.48350406
TSTU00071,0,0.39072478
TSTU00072,0,0.4017084
TSTU00073,0,0.4017084
TSTU00074,0,0.40348563
TSTU00075,0,0.36341316
